,Nhiệt độ nền,Độ ẩm nền,Thứ tự thu
BME mean,0.4424242424242424,-0.2606060606060606,-0.34545454545454546
BME late20,0.43030303030303024,-0.07878787878787878,-0.22424242424242422
BME min,0.16363636363636364,-0.41818181818181815,-0.34545454545454546
BME max,0.10303030303030303,-0.29696969696969694,0.0303030303030303
BME slope,0.18787878787878787,0.43030303030303024,0.16363636363636364
MQ135 mean,-0.18787878787878787,-0.2121212121212121,-0.07878787878787878
MQ135 late20,-0.05454545454545454,-0.006060606060606061,0.01818181818181818
MQ135 min,0.006060606060606061,0.17575757575757575,-0.09090909090909088
MQ135 max,0.41818181818181815,-0.17575757575757575,-0.19999999999999998
MQ135 slope,0.4545454545454545,-0.7696969696969697,-0.8303030303030302
MQ3 mean,-0.5393939393939393,-0.06666666666666665,0.22424242424242422
MQ3 late20,-0.5272727272727272,-0.07878787878787878,0.2606060606060606
MQ3 min,-0.41818181818181815,-0.06666666666666665,0.35757575757575755
MQ3 max,-0.5878787878787878,-0.07878787878787878,0.2606060606060606
MQ3 slope,0.13939393939393938,-0.5757575757575757,-0.38181818181818183
