folder,run,trial,label,label_vi,rows,median_dt_s,max_gap_s,baseline_stable,baseline_temperature_c,baseline_humidity_pct,bme_gas_valid_pct,bme_gas_baseline_cv_pct,bme_gas_recovery_end_pct,mq135_valid_pct,mq135_baseline_cv_pct,mq135_recovery_end_pct,mq3_valid_pct,mq3_baseline_cv_pct,mq3_recovery_end_pct
trial01_khongkhi_20261003_154917_4793290d6ecf45aaad5326541298bf5f,T1-Không khí,1,khongkhi,Không khí,1076,0.9999994910001533,1.0073155660002158,True,36.67698593139649,53.336606661478676,99.90706319702602,0.26870200839106406,-1.0642931724086124,100.0,0.36221853505508084,0.27045769764216354,100.0,0.22207092950283636,-0.07920045257401975
trial01_mamtom_20261003_162504_ebb6bf010ea247bf82f6db8fb9ea3166,T1-Mắm tôm,1,mamtom,Mắm tôm,322,0.9999997109998731,1.0038405949999287,True,36.647254371643065,54.718010648091635,100.0,0.38897464668055154,-1.730526283710422,100.0,0.43087806796645234,-0.22160664819944054,100.0,0.34379293704203373,-1.5295868998883453
trial01_nach_20261003_161305_0bf084ef31f7482ebd09717ee53d72ed,T1-Nách,1,nach,Nách,314,1.0000000400004865,1.003916608999134,True,36.60534725189209,53.996199989318846,100.0,0.2384568499216539,-1.9712851531574895,100.0,0.5029547045583921,-0.04163775156141636,100.0,0.2632814966157464,-0.06037735849056314
trial01_nuochoa_20261003_161838_0f9ab45ab2fe4a4f9b8f561a8b8a17fd,T1-Nước hoa,1,nuochoa,Nước hoa,369,0.9999998650000634,1.0039821599993957,False,36.64580815633138,54.28120028177897,100.0,1.2723392337772625,-8.253478397792025,100.0,0.5641948610871134,-0.10405827263267664,100.0,0.235698030678592,3.053982634956587
trial01_ao_20261003_160739_ac7c1fb6273f4dd882b2671f72ec1778,T1-Áo,1,ao,Áo,306,0.9999996360002115,1.0041483029999512,True,36.60643189748128,53.5939084370931,100.0,0.3138064637368162,-1.3846579027602377,100.0,0.5329261866085039,0.07638888888889417,100.0,0.2086725103763219,-0.09056603773584637
trial02_khongkhi_20261003_163741_ab14be9977d645198f54717810b879c8,T2-Không khí,2,khongkhi,Không khí,1191,0.9999995579996721,1.0086357010004576,True,36.636322784423825,54.57062034606933,99.91603694374476,0.2854189333440086,-0.3794734629714449,100.0,0.6655027229123105,-0.19120458891012912,100.0,0.24997411332049307,-0.06554368486596317
trial02_mamtom_20261003_165755_18ebb433656a4f7882ed466d1e76ad7d,T2-Mắm tôm,2,mamtom,Mắm tôm,303,0.9999996999995275,1.0031020900005387,True,36.60968526204427,54.6992919921875,100.0,0.3207107904929935,-0.38336855163350464,100.0,0.46573278198351953,-0.05808887598024549,100.0,0.2288828781722293,0.0032842879663783834
trial02_nach_20261003_171747_85b4985b8d1f4a73a18432c400a3e636,T2-Nách,2,nach,Nách,444,1.0000002769993444,1.006889890999446,True,36.58884359995524,54.64072043100993,100.0,0.31787395953178404,-1.630538168545721,100.0,0.4918358292875478,-0.20658489347966214,100.0,0.28941992388792914,-0.6306306306306297
trial02_nuochoa_20261003_171154_7783349cdcd74b2fa5c007a292e71737,T2-Nước hoa,2,nuochoa,Nước hoa,332,0.9999999840001692,1.0055924829994183,False,36.58570645650228,54.71168950398763,100.0,1.6984259609407901,-17.784044307399995,100.0,0.4080607870804649,-0.27009646302250445,100.0,0.20008843779509558,4.300724637681169
trial02_ao_20261003_170318_5f6a39ae4ae94318927b52b4009d4387,T2-Áo,2,ao,Áo,425,1.0000002520000635,1.0072678010000686,True,36.59992396036784,54.7619431813558,100.0,0.2343392804775259,0.26213070208735273,100.0,0.5608616926583128,0.005831243804307632,100.0,0.21635583388700372,-0.1937729900157574
