folder,run,trial,label,label_vi,started_at,bme_gas__mean_pct,bme_gas__late20_pct,bme_gas__min_pct,bme_gas__max_pct,bme_gas__abs_auc_pct_s,bme_gas__slope_pct_min,bme_gas__recovery_end_pct,mq135__mean_pct,mq135__late20_pct,mq135__min_pct,mq135__max_pct,mq135__abs_auc_pct_s,mq135__slope_pct_min,mq135__recovery_end_pct,mq3__mean_pct,mq3__late20_pct,mq3__min_pct,mq3__max_pct,mq3__abs_auc_pct_s,mq3__slope_pct_min,mq3__recovery_end_pct,baseline_temperature_c,baseline_humidity_pct
trial01_khongkhi_20261003_154917_4793290d6ecf45aaad5326541298bf5f,T1-Không khí,1,khongkhi,Không khí,2026-10-03T15:49:17.212791+07:00,-0.5332891875937701,-0.8742601822225156,-1.3109497170052276,0.21018278326632167,64.4182520217012,-0.3716155626381236,-1.0642931724086124,-0.0340961627369371,-0.18492834026814337,-1.5950069348127593,2.3578363384188616,47.08728691272458,0.053474603848742135,0.27045769764216354,-0.05154315167515614,-0.22718497166922796,-1.0748632849330475,0.5468602677729528,22.591211253008147,0.0005186939850140498,-0.07920045257401975,36.67698593139649,53.336606661478676
trial01_ao_20261003_160739_ac7c1fb6273f4dd882b2671f72ec1778,T1-Áo,1,ao,Áo,2026-10-03T16:07:39.606117+07:00,-0.7762115302628784,-1.3070920521313592,-1.8914616599814082,-0.06880278631007375,92.49723260503494,-0.41300359892429844,-1.3846579027602377,0.17418981481482004,0.09375000000000688,-1.388888888888895,2.083333333333326,53.12420074454934,0.05710724585733157,0.07638888888889417,0.035534591194971064,0.07358490566038045,-0.9433962264150941,0.6792452830188811,19.357877899924826,0.040215116304874635,-0.09056603773584637,36.60643189748128,53.5939084370931
trial01_nach_20261003_161305_0bf084ef31f7482ebd09717ee53d72ed,T1-Nách,1,nach,Nách,2026-10-03T16:13:05.645002+07:00,-5.785727678200593,-6.283040954933519,-7.378073278938368,0.0,690.4878746186314,-1.284188656619414,-1.9712851531574895,0.08211889891278848,0.039655001487060554,-1.3185287994448402,1.4573213046495503,46.80632697512124,0.02180467069671172,-0.04163775156141636,0.7056603773584946,0.5444743935310026,-0.7547169811320753,1.4339622641509564,87.64175956098181,-0.0851943180507936,-0.06037735849056314,36.60534725189209,53.996199989318846
trial01_nuochoa_20261003_161838_0f9ab45ab2fe4a4f9b8f561a8b8a17fd,T1-Nước hoa,1,nuochoa,Nước hoa,2026-10-03T16:18:38.961467+07:00,-76.58200017004962,-71.7799470185598,-94.96913309778162,-51.97159275341428,9106.606958890863,14.148467330132576,-8.253478397792025,0.8665741704243276,0.9662553887319761,-0.24280263614291364,2.6014568158168716,104.68184462598224,-0.04840485121055163,-0.10405827263267664,8.164401661004153,3.18718653939492,2.340505851264618,21.555303888259726,971.8957006249191,-8.141464627928332,3.053982634956587,36.64580815633138,54.28120028177897
trial01_mamtom_20261003_162504_ebb6bf010ea247bf82f6db8fb9ea3166,T1-Mắm tôm,1,mamtom,Mắm tôm,2026-10-03T16:25:04.272268+07:00,-3.434901245418143,-2.4466993715128345,-13.526650950013586,-1.1733206041190214,408.5466492398355,2.9446463020858253,-1.730526283710422,-0.07502308402584915,0.04616805170822329,-1.0387811634348987,1.8698060941828354,38.85026226201521,0.00415630314737768,-0.22160664819944054,-0.8814042922714251,-1.1076257819837974,-1.4514328247115627,-0.22329735764792247,104.76431745636253,-0.29624718214335594,-1.5295868998883453,36.647254371643065,54.718010648091635
trial02_khongkhi_20261003_163741_ab14be9977d645198f54717810b879c8,T2-Không khí,2,khongkhi,Không khí,2026-10-03T16:37:41.972324+07:00,-0.2117016876683477,-0.538750063209729,-0.9917354525882938,0.5033515702215885,38.219407472811945,-0.3255488061120736,-0.3794734629714449,-0.15455704270235626,-0.07890983034386406,-2.1032504780114647,2.0395156150414318,52.42738667383459,0.015417242195356064,-0.19120458891012912,-0.08441480413362308,-0.03433240635836271,-0.8651766402307137,0.54073540014421,21.578295146413225,0.11179684573773657,-0.06554368486596317,36.636322784423825,54.57062034606933
trial02_mamtom_20261003_165755_18ebb433656a4f7882ed466d1e76ad7d,T2-Mắm tôm,2,mamtom,Mắm tôm,2026-10-03T16:57:55.363291+07:00,-2.751497890494977,-0.464601369088426,-13.418583453301736,0.25025945375092284,326.85623744970786,4.403744864903416,-0.38336855163350464,0.6799787007454796,0.38658146964856976,-1.3418530351437696,3.0031948881789283,90.95783678348107,-0.3160096479640383,-0.05808887598024549,0.3703034682080995,0.2727601156069426,-0.46965317919074323,1.119942196531798,47.14596780664761,-0.1594672143872621,0.0032842879663783834,36.60968526204427,54.6992919921875
trial02_ao_20261003_170318_5f6a39ae4ae94318927b52b4009d4387,T2-Áo,2,ao,Áo,2026-10-03T17:03:18.387791+07:00,-1.123688520005146,-1.0446100482310343,-1.9555897625336383,-0.3106829200404948,134.25489841386832,-0.011347326260105066,0.26213070208735273,-0.07911054094504563,-0.2565747273893476,-1.4111610006414366,1.7318794098781343,45.37974386972253,-0.16779972763332093,0.005831243804307632,-0.006623314065503927,-0.14794935315166097,-1.1199421965317757,0.6141618497109924,23.39116226994173,-0.16872456960143725,-0.1937729900157574,36.59992396036784,54.7619431813558
trial02_nuochoa_20261003_171154_7783349cdcd74b2fa5c007a292e71737,T2-Nước hoa,2,nuochoa,Nước hoa,2026-10-03T17:11:54.071803+07:00,-82.9001911870223,-75.76158310038181,-94.66601539807499,-61.775939170053576,9858.227600105114,9.79490522186323,-17.784044307399995,1.0653804930332318,0.9485530546623849,-0.8360128617363238,2.1221864951768588,129.93590372813588,-0.18130943102534997,-0.27009646302250445,11.567330917874404,5.623188405797106,3.913043478260869,24.31159420289857,1379.0952247931232,-6.480772208174145,4.300724637681169,36.58570645650228,54.71168950398763
trial02_nach_20261003_171747_85b4985b8d1f4a73a18432c400a3e636,T2-Nách,2,nach,Nách,2026-10-03T17:17:47.910435+07:00,-5.477946442662596,-6.458649276032976,-8.77116574635518,0.4952276067944128,656.718130765753,-3.2845074082415353,-1.630538168545721,-0.06670970518613835,-0.015370899812474002,-1.8076178179470603,1.5493867010974771,50.16123343502341,-0.12592338185257307,-0.20658489347966214,0.3117117117117141,0.11668811668811709,-0.7207207207207245,1.1531531531531636,47.69378892372991,-0.14856882301427668,-0.6306306306306297,36.58884359995524,54.64072043100993
