run_id,timestamp,elapsed_s,phase_elapsed_s,phase,event,details_json
18ebb433656a4f7882ed466d1e76ad7d,2026-10-03T16:57:55.351712+07:00,0.0,0.0,MONITOR,run_start,"{""sensor_uptime_s"": 1213.5313759179999}"
18ebb433656a4f7882ed466d1e76ad7d,2026-10-03T16:58:14.706912+07:00,19.35519750399908,19.35519750399908,MONITOR,command_received,"{""raw"": ""start"", ""normalized"": ""start""}"
18ebb433656a4f7882ed466d1e76ad7d,2026-10-03T16:58:14.709292+07:00,19.357580496000082,19.357580496000082,MONITOR,baseline_quality_at_start,"{""stable"": true, ""reasons"": [], ""advisories"": [""Nhiệt độ BME vượt 35.0 °C; kiểm tra ảnh hưởng nhiệt/vị trí cảm biến, không suy ra nhiệt độ môi trường đã bù""], ""signals"": {""gas_resistance_ohm"": {""n"": 30, ""span_s"": 28.99996125600046, ""mean"": 106341.61171875, ""slope_per_min"": 128.84705045902174, ""range"": 1255.9609375, ""slope_pct_per_min"": 0.12116334177799905, ""range_pct"": 1.1810625372330619, ""invalid_fraction"": 0.0, ""drifting"": false, ""reasons"": []}, ""temperature_c"": {""n"": 30, ""span_s"": 28.99996125600046, ""mean"": 36.61742630004883, ""slope_per_min"": 0.0012290666804050546, ""range"": 0.017864227294921875, ""slope_pct_per_min"": null, ""range_pct"": null, ""invalid_fraction"": 0.0, ""drifting"": false, ""reasons"": []}, ""humidity_pct"": {""n"": 30, ""span_s"": 28.99996125600046, ""mean"": 54.677333958943684, ""slope_per_min"": -0.04023166391295476, ""range"": 0.06388092041015625, ""slope_pct_per_min"": null, ""range_pct"": null, ""invalid_fraction"": 0.0, ""drifting"": false, ""reasons"": []}}, ""window_s"": 30.0, ""evaluated_at_elapsed_s"": 1232.7849059139999, ""criteria"": {""window_s"": 30.0, ""min_samples"": 5, ""min_window_fraction"": 0.8, ""max_gap_s"": 3.0, ""max_invalid_fraction"": 0.2, ""gas_epsilon_ohm"": 1e-09, ""gas_pct_per_min"": 5.0, ""gas_range_pct"": 5.0, ""temperature_per_min"": 0.3, ""temperature_range"": 0.2, ""humidity_per_min"": 1.0, ""humidity_range"": 1.0, ""temperature_warning_c"": 35.0}}"
18ebb433656a4f7882ed466d1e76ad7d,2026-10-03T16:58:14.725468+07:00,19.373749557998963,0.0,BASELINE,phase_change,"{""from"": ""MONITOR"", ""to"": ""BASELINE""}"
18ebb433656a4f7882ed466d1e76ad7d,2026-10-03T16:59:14.725472+07:00,79.37374955799896,0.0,WAIT_EXPOSURE,phase_change,"{""from"": ""BASELINE"", ""to"": ""WAIT_EXPOSURE""}"
18ebb433656a4f7882ed466d1e76ad7d,2026-10-03T16:59:21.083829+07:00,85.73211026900026,6.358360711001296,WAIT_EXPOSURE,command_received,"{""raw"": ""expose"", ""normalized"": ""expose""}"
18ebb433656a4f7882ed466d1e76ad7d,2026-10-03T16:59:21.084571+07:00,85.73284928000066,0.0,EXPOSURE,phase_change,"{""from"": ""WAIT_EXPOSURE"", ""to"": ""EXPOSURE""}"
18ebb433656a4f7882ed466d1e76ad7d,2026-10-03T17:01:21.084571+07:00,205.73284928000066,0.0,WAIT_RECOVERY,phase_change,"{""from"": ""EXPOSURE"", ""to"": ""WAIT_RECOVERY""}"
18ebb433656a4f7882ed466d1e76ad7d,2026-10-03T17:01:34.629541+07:00,219.27783884900055,13.544989568999881,WAIT_RECOVERY,command_received,"{""raw"": ""recover"", ""normalized"": ""recover""}"
18ebb433656a4f7882ed466d1e76ad7d,2026-10-03T17:01:34.634244+07:00,219.28261511600067,0.0,RECOVERY,phase_change,"{""from"": ""WAIT_RECOVERY"", ""to"": ""RECOVERY""}"
18ebb433656a4f7882ed466d1e76ad7d,2026-10-03T17:02:34.634332+07:00,279.28261511600067,0.0,WAIT_FINISH,phase_change,"{""from"": ""RECOVERY"", ""to"": ""WAIT_FINISH""}"
18ebb433656a4f7882ed466d1e76ad7d,2026-10-03T17:02:58.041718+07:00,302.69000440799937,23.407389291998697,WAIT_FINISH,command_received,"{""raw"": ""finish"", ""normalized"": ""finish""}"
18ebb433656a4f7882ed466d1e76ad7d,2026-10-03T17:02:58.043130+07:00,302.69140924599924,23.40879412999857,WAIT_FINISH,pump_command,"{""command"": ""DISABLED"", ""reason"": ""run end"", ""error"": null}"
18ebb433656a4f7882ed466d1e76ad7d,2026-10-03T17:02:58.043051+07:00,302.6913378770005,23.408722760999808,WAIT_FINISH,run_end,"{""status"": ""COMPLETE"", ""reason"": ""user finish""}"
